date,disapproval,approval
1/23/2009,12.00,68.00
1/24/2009,13.00,69.00
1/25/2009,14.00,67.00
1/26/2009,15.00,65.00
1/27/2009,16.00,64.00
1/28/2009,17.00,64.00
1/29/2009,17.00,66.00
1/30/2009,17.00,67.00
1/31/2009,18.00,67.00
2/1/2009,19.00,66.00
2/2/2009,19.00,66.00
2/3/2009,20.00,65.00
2/4/2009,20.00,65.00
2/5/2009,21.00,63.00
2/6/2009,20.00,65.00
2/7/2009,22.00,64.00
2/8/2009,21.00,66.00
2/9/2009,23.00,63.00
2/10/2009,22.00,63.00
2/11/2009,21.00,64.00
2/12/2009,21.00,66.00
2/14/2009,21.00,66.00
2/15/2009,23.00,64.00
2/16/2009,25.00,62.00
2/17/2009,25.00,62.00
2/18/2009,25.00,62.00
2/19/2009,24.00,63.00
2/20/2009,24.00,63.00
2/21/2009,24.00,63.00
2/22/2009,25.00,62.00
2/23/2009,25.00,59.00
2/24/2009,24.00,61.00
2/25/2009,21.00,65.00
2/26/2009,21.00,67.00
2/27/2009,21.00,67.00
2/28/2009,23.00,64.00
3/1/2009,25.00,63.00
3/2/2009,26.00,62.00
3/3/2009,28.00,61.00
3/4/2009,28.00,62.00
3/5/2009,28.00,62.00
3/6/2009,26.00,62.00
3/7/2009,26.00,62.00
3/8/2009,25.00,62.00
3/9/2009,26.00,62.00
3/10/2009,27.00,62.00
3/11/2009,27.00,63.00
3/12/2009,27.00,62.00
3/13/2009,28.00,61.00
3/14/2009,29.00,61.00
3/15/2009,28.00,61.00
3/16/2009,27.00,62.00
3/17/2009,28.00,61.00
3/18/2009,27.00,62.00
3/19/2009,27.00,62.00
3/20/2009,26.00,64.00
3/21/2009,26.00,65.00
3/22/2009,26.00,65.00
3/23/2009,27.00,63.00
3/24/2009,27.00,63.00
3/25/2009,29.00,62.00
3/26/2009,27.00,62.00
3/27/2009,29.00,62.00
3/28/2009,31.00,60.00
3/29/2009,30.00,60.00
3/30/2009,30.00,59.00
3/31/2009,29.00,60.00
4/1/2009,29.00,61.00
4/2/2009,28.00,62.00
4/3/2009,27.00,63.00
4/4/2009,27.00,62.00
4/5/2009,27.00,61.00
4/6/2009,28.00,61.00
4/7/2009,28.00,60.00
4/8/2009,29.00,59.00
4/9/2009,28.00,60.00
4/10/2009,28.00,62.00
4/11/2009,28.00,63.00
4/13/2009,29.00,62.00
4/14/2009,28.00,63.00
4/15/2009,30.00,62.00
4/16/2009,30.00,62.00
4/17/2009,31.00,61.00
4/18/2009,29.00,62.00
4/19/2009,28.00,63.00
4/20/2009,28.00,63.00
4/21/2009,28.00,64.00
4/22/2009,29.00,65.00
4/23/2009,28.00,65.00
4/24/2009,27.00,66.00
4/25/2009,29.00,65.00
4/26/2009,29.00,65.00
4/27/2009,31.00,63.00
4/28/2009,31.00,63.00
4/29/2009,31.00,63.00
4/30/2009,29.00,65.00
5/1/2009,28.00,67.00
5/2/2009,26.00,68.00
5/3/2009,27.00,67.00
5/4/2009,27.00,67.00
5/5/2009,27.00,66.00
5/6/2009,26.00,67.00
5/7/2009,28.00,66.00
5/8/2009,28.00,66.00
5/9/2009,28.00,66.00
5/10/2009,27.00,66.00
5/11/2009,29.00,65.00
5/12/2009,29.00,64.00
5/13/2009,28.00,64.00
5/14/2009,29.00,63.00
5/15/2009,28.00,65.00
5/16/2009,30.00,63.00
5/17/2009,28.00,64.00
5/18/2009,29.00,63.00
5/19/2009,29.00,65.00
5/20/2009,29.00,64.00
5/21/2009,30.00,64.00
5/22/2009,28.00,62.00
5/23/2009,27.00,64.00
5/24/2009,27.00,64.00
5/26/2009,28.00,65.00
5/27/2009,30.00,64.00
5/28/2009,29.00,64.00
5/29/2009,30.00,62.00
5/30/2009,30.00,63.00
5/31/2009,30.00,62.00
6/1/2009,30.00,64.00
6/2/2009,29.00,63.00
6/3/2009,30.00,63.00
6/4/2009,31.00,62.00
6/5/2009,31.00,62.00
6/6/2009,32.00,62.00
6/7/2009,32.00,62.00
6/8/2009,34.00,61.00
6/9/2009,34.00,59.00
6/10/2009,33.00,60.00
6/11/2009,31.00,61.00
6/12/2009,29.00,63.00
6/13/2009,30.00,62.00
6/14/2009,31.00,61.00
6/15/2009,32.00,60.00
6/16/2009,32.00,61.00
6/17/2009,32.00,61.00
6/18/2009,33.00,58.00
6/20/2009,35.00,57.00
6/21/2009,35.00,57.00
6/22/2009,33.00,60.00
6/23/2009,34.00,60.00
6/24/2009,32.00,61.00
6/25/2009,33.00,59.00
6/26/2009,33.00,59.00
6/27/2009,35.00,57.00
6/28/2009,34.00,59.00
6/29/2009,32.00,60.00
6/30/2009,30.00,63.00
7/1/2009,30.00,61.00
7/2/2009,31.00,62.00
7/3/2009,33.00,60.00
7/5/2009,34.00,59.00
7/6/2009,35.00,58.00
7/7/2009,36.00,56.00
7/8/2009,36.00,57.00
7/9/2009,36.00,58.00
7/10/2009,35.00,58.00
7/11/2009,35.00,58.00
7/12/2009,33.00,59.00
7/13/2009,32.00,60.00
7/14/2009,33.00,59.00
7/15/2009,34.00,58.00
7/16/2009,36.00,58.00
7/17/2009,33.00,60.00
7/18/2009,33.00,60.00
7/19/2009,32.00,61.00
7/20/2009,34.00,59.00
7/21/2009,36.00,57.00
7/22/2009,39.00,55.00
7/23/2009,39.00,56.00
7/24/2009,39.00,55.00
7/25/2009,37.00,56.00
7/26/2009,36.00,56.00
7/27/2009,37.00,54.00
7/28/2009,39.00,53.00
7/29/2009,41.00,52.00
7/30/2009,40.00,54.00
7/31/2009,38.00,56.00
8/1/2009,39.00,55.00
8/2/2009,38.00,56.00
8/3/2009,38.00,55.00
8/4/2009,37.00,56.00
8/5/2009,37.00,56.00
8/6/2009,36.00,58.00
8/7/2009,36.00,58.00
8/8/2009,38.00,55.00
8/9/2009,38.00,55.00
8/10/2009,40.00,54.00
8/11/2009,40.00,53.00
8/12/2009,40.00,53.00
8/13/2009,39.00,54.00
8/14/2009,37.00,55.00
8/15/2009,39.00,54.00
8/16/2009,40.00,53.00
8/17/2009,42.00,52.00
8/18/2009,41.00,51.00
8/19/2009,42.00,51.00
8/20/2009,40.00,53.00
8/21/2009,40.00,53.00
8/22/2009,38.00,54.00
8/23/2009,40.00,52.00
8/24/2009,42.00,51.00
8/25/2009,44.00,51.00
8/26/2009,43.00,50.00
8/27/2009,43.00,50.00
8/28/2009,42.00,50.00
8/29/2009,42.00,50.00
8/30/2009,42.00,51.00
8/31/2009,42.00,52.00
9/1/2009,40.00,54.00
9/2/2009,39.00,55.00
9/3/2009,38.00,55.00
9/4/2009,40.00,53.00
9/5/2009,41.00,52.00
9/6/2009,41.00,51.00
9/8/2009,41.00,51.00
9/9/2009,42.00,51.00
9/10/2009,42.00,51.00
9/11/2009,41.00,52.00
9/12/2009,40.00,53.00
9/13/2009,40.00,53.00
9/14/2009,41.00,52.00
9/15/2009,41.00,51.00
9/17/2009,42.00,51.00
9/18/2009,42.00,52.00
9/19/2009,42.00,52.00
9/20/2009,40.00,53.00
9/21/2009,39.00,53.00
9/22/2009,41.00,51.00
9/23/2009,42.00,51.00
9/24/2009,42.00,50.00
9/25/2009,41.00,52.00
9/26/2009,41.00,51.00
9/27/2009,40.00,51.00
9/28/2009,39.00,52.00
9/29/2009,38.00,53.00
9/30/2009,38.00,54.00
10/1/2009,38.00,54.00
10/2/2009,40.00,53.00
10/3/2009,41.00,52.00
10/4/2009,42.00,51.00
10/5/2009,43.00,50.00
10/6/2009,42.00,51.00
10/7/2009,40.00,53.00
10/8/2009,40.00,53.00
10/9/2009,38.00,54.00
10/10/2009,37.00,56.00
10/11/2009,36.00,56.00
10/12/2009,36.00,56.00
10/13/2009,39.00,52.00
10/14/2009,40.00,53.00
10/15/2009,42.00,52.00
10/16/2009,40.00,54.00
10/17/2009,41.00,53.00
10/18/2009,42.00,51.00
10/19/2009,43.00,50.00
10/20/2009,42.00,50.00
10/21/2009,41.00,51.00
10/22/2009,39.00,54.00
10/23/2009,38.00,54.00
10/24/2009,38.00,55.00
10/25/2009,38.00,52.00
10/26/2009,41.00,51.00
10/27/2009,42.00,51.00
10/28/2009,43.00,51.00
10/29/2009,40.00,53.00
10/30/2009,40.00,55.00
10/31/2009,38.00,55.00
11/1/2009,39.00,53.00
11/2/2009,41.00,50.00
11/3/2009,43.00,50.00
11/4/2009,42.00,52.00
11/5/2009,42.00,52.00
11/6/2009,42.00,52.00
11/7/2009,41.00,54.00
11/8/2009,41.00,53.00
11/9/2009,39.00,54.00
11/10/2009,42.00,51.00
11/11/2009,41.00,53.00
11/12/2009,41.00,52.00
11/13/2009,38.00,54.00
11/14/2009,39.00,53.00
11/15/2009,38.00,53.00
11/16/2009,42.00,50.00
11/17/2009,42.00,50.00
11/18/2009,44.00,50.00
11/19/2009,44.00,49.00
11/20/2009,44.00,49.00
11/21/2009,44.00,48.00
11/22/2009,44.00,49.00
11/23/2009,44.00,49.00
11/24/2009,44.00,49.00
11/25/2009,44.00,49.00
11/27/2009,42.00,49.00
11/28/2009,41.00,51.00
11/29/2009,41.00,51.00
11/30/2009,42.00,51.00
12/1/2009,44.00,49.00
12/2/2009,42.00,51.00
12/3/2009,41.00,52.00
12/4/2009,41.00,52.00
12/5/2009,44.00,49.00
12/6/2009,46.00,47.00
12/7/2009,45.00,50.00
12/10/2009,44.00,50.00
12/11/2009,44.00,50.00
12/12/2009,43.00,48.00
12/13/2009,42.00,48.00
12/14/2009,42.00,48.00
12/15/2009,41.00,49.00
12/16/2009,41.00,51.00
12/17/2009,40.00,52.00
12/18/2009,43.00,50.00
12/19/2009,44.00,50.00
12/20/2009,46.00,49.00
12/21/2009,43.00,51.00
12/22/2009,44.00,50.00
12/23/2009,42.00,51.00
12/27/2009,43.00,51.00
12/28/2009,41.00,52.00
12/29/2009,41.00,53.00
12/30/2009,42.00,51.00
1/2/2010,43.00,51.00
1/3/2010,44.00,49.00
1/4/2010,44.00,50.00
1/5/2010,44.00,51.00
1/6/2010,42.00,52.00
1/7/2010,41.00,52.00
1/8/2010,41.00,52.00
1/9/2010,43.00,50.00
1/10/2010,44.00,49.00
1/11/2010,42.00,50.00
1/12/2010,42.00,50.00
1/13/2010,43.00,50.00
1/14/2010,45.00,49.00
1/15/2010,44.00,49.00
1/16/2010,42.00,50.00
1/17/2010,43.00,50.00
1/18/2010,43.00,50.00
1/19/2010,43.00,50.00
1/20/2010,44.00,49.00
1/21/2010,45.00,49.00
1/22/2010,47.00,47.00
1/23/2010,47.00,48.00
1/24/2010,47.00,48.00
1/25/2010,47.00,48.00
1/26/2010,46.00,48.00
1/27/2010,46.00,47.00
1/28/2010,45.00,48.00
1/29/2010,47.00,47.00
1/30/2010,46.00,48.00
1/31/2010,44.00,50.00
2/1/2010,42.00,51.00
2/2/2010,42.00,51.00
2/3/2010,44.00,50.00
2/4/2010,44.00,49.00
2/5/2010,43.00,50.00
2/6/2010,44.00,49.00
2/7/2010,41.00,51.00
2/8/2010,41.00,50.00
2/9/2010,41.00,51.00
2/10/2010,43.00,50.00
2/11/2010,42.00,51.00
2/12/2010,41.00,52.00
2/13/2010,40.00,53.00
2/14/2010,40.00,53.00
2/15/2010,41.00,52.00
2/16/2010,41.00,50.00
2/17/2010,41.00,51.00
2/18/2010,44.00,48.00
2/19/2010,45.00,48.00
2/20/2010,45.00,48.00
2/21/2010,43.00,49.00
2/22/2010,43.00,51.00
2/23/2010,43.00,51.00
2/24/2010,42.00,50.00
2/25/2010,42.00,50.00
2/26/2010,45.00,49.00
2/27/2010,45.00,50.00
2/28/2010,44.00,50.00
3/1/2010,43.00,50.00
3/2/2010,41.00,52.00
3/3/2010,43.00,50.00
3/4/2010,44.00,50.00
3/5/2010,46.00,47.00
3/6/2010,46.00,48.00
3/7/2010,44.00,49.00
3/8/2010,43.00,49.00
3/9/2010,44.00,48.00
3/10/2010,45.00,46.00
3/11/2010,45.00,46.00
3/12/2010,44.00,47.00
3/13/2010,44.00,49.00
3/14/2010,44.00,49.00
3/15/2010,44.00,48.00
3/16/2010,47.00,46.00
3/17/2010,48.00,46.00
3/18/2010,47.00,47.00
3/20/2010,43.00,50.00
3/21/2010,43.00,50.00
3/22/2010,43.00,51.00
3/23/2010,44.00,50.00
3/24/2010,42.00,51.00
3/25/2010,44.00,50.00
3/26/2010,45.00,48.00
3/27/2010,46.00,46.00
3/28/2010,46.00,48.00
3/29/2010,44.00,48.00
3/30/2010,43.00,50.00
3/31/2010,42.00,50.00
4/1/2010,43.00,50.00
4/2/2010,45.00,48.00
4/3/2010,46.00,48.00
4/5/2010,46.00,49.00
4/6/2010,45.00,50.00
4/7/2010,46.00,49.00
4/8/2010,46.00,49.00
4/9/2010,48.00,47.00
4/10/2010,48.00,45.00
4/11/2010,48.00,45.00
4/12/2010,46.00,46.00
4/13/2010,45.00,49.00
4/14/2010,45.00,49.00
4/15/2010,44.00,49.00
4/16/2010,46.00,46.00
4/17/2010,46.00,47.00
4/18/2010,46.00,48.00
4/19/2010,45.00,49.00
4/20/2010,45.00,49.00
4/21/2010,43.00,49.00
4/22/2010,42.00,50.00
4/23/2010,42.00,49.00
4/24/2010,43.00,50.00
4/25/2010,42.00,51.00
4/26/2010,42.00,51.00
4/27/2010,44.00,49.00
4/28/2010,44.00,49.00
4/29/2010,45.00,49.00
4/30/2010,44.00,49.00
5/1/2010,46.00,47.00
5/2/2010,47.00,47.00
5/3/2010,45.00,50.00
5/4/2010,43.00,50.00
5/5/2010,42.00,50.00
5/6/2010,43.00,48.00
5/7/2010,43.00,49.00
5/8/2010,43.00,50.00
5/9/2010,43.00,50.00
5/10/2010,42.00,51.00
5/11/2010,43.00,49.00
5/12/2010,42.00,51.00
5/13/2010,41.00,52.00
5/14/2010,42.00,51.00
5/15/2010,44.00,48.00
5/16/2010,46.00,47.00
5/17/2010,46.00,46.00
5/18/2010,45.00,49.00
5/19/2010,44.00,48.00
5/21/2010,45.00,49.00
5/22/2010,45.00,48.00
5/23/2010,45.00,48.00
5/24/2010,44.00,48.00
5/25/2010,45.00,47.00
5/26/2010,47.00,46.00
5/27/2010,47.00,45.00
5/28/2010,47.00,45.00
5/29/2010,45.00,46.00
5/30/2010,46.00,47.00
6/1/2010,44.00,50.00
6/2/2010,45.00,49.00
6/3/2010,45.00,48.00
6/4/2010,47.00,46.00
6/5/2010,47.00,45.00
6/6/2010,44.00,47.00
6/7/2010,46.00,45.00
6/8/2010,45.00,47.00
6/9/2010,48.00,44.00
6/10/2010,48.00,45.00
6/11/2010,48.00,44.00
6/12/2010,46.00,46.00
6/13/2010,45.00,48.00
6/14/2010,44.00,49.00
6/15/2010,43.00,49.00
6/16/2010,44.00,46.00
6/17/2010,46.00,45.00
6/18/2010,46.00,45.00
6/19/2010,45.00,48.00
6/20/2010,44.00,49.00
6/21/2010,45.00,48.00
6/22/2010,46.00,45.00
6/23/2010,46.00,45.00
6/24/2010,45.00,45.00
6/25/2010,46.00,46.00
6/26/2010,46.00,45.00
6/27/2010,46.00,46.00
6/28/2010,45.00,46.00
6/29/2010,45.00,46.00
6/30/2010,45.00,47.00
7/1/2010,44.00,49.00
7/2/2010,46.00,47.00
7/3/2010,45.00,46.00
7/5/2010,46.00,44.00
7/6/2010,46.00,44.00
7/7/2010,48.00,44.00
7/8/2010,48.00,45.00
7/9/2010,47.00,46.00
7/10/2010,46.00,47.00
7/11/2010,46.00,47.00
7/12/2010,45.00,48.00
7/13/2010,47.00,45.00
7/14/2010,48.00,44.00
7/15/2010,48.00,44.00
7/16/2010,45.00,47.00
7/17/2010,44.00,49.00
7/18/2010,44.00,48.00
7/19/2010,45.00,47.00
7/20/2010,47.00,46.00
7/21/2010,46.00,46.00
7/22/2010,48.00,44.00
7/23/2010,47.00,44.00
7/24/2010,47.00,44.00
7/25/2010,47.00,46.00
7/26/2010,48.00,45.00
7/27/2010,49.00,45.00
7/28/2010,47.00,46.00
7/29/2010,47.00,45.00
7/30/2010,47.00,46.00
7/31/2010,47.00,44.00
8/1/2010,47.00,45.00
8/2/2010,46.00,45.00
8/3/2010,48.00,44.00
8/4/2010,48.00,45.00
8/5/2010,49.00,45.00
8/6/2010,47.00,46.00
8/7/2010,46.00,47.00
8/8/2010,48.00,45.00
8/9/2010,47.00,46.00
8/10/2010,48.00,45.00
8/11/2010,47.00,46.00
8/12/2010,48.00,44.00
8/13/2010,48.00,43.00
8/14/2010,49.00,42.00
8/15/2010,50.00,42.00
8/16/2010,51.00,42.00
8/17/2010,52.00,41.00
8/18/2010,52.00,41.00
8/19/2010,51.00,42.00
8/20/2010,50.00,43.00
8/21/2010,49.00,44.00
8/22/2010,49.00,44.00
8/23/2010,50.00,45.00
8/24/2010,51.00,42.00
8/25/2010,50.00,43.00
8/26/2010,49.00,44.00
8/27/2010,48.00,44.00
8/28/2010,49.00,43.00
8/29/2010,49.00,43.00
8/30/2010,47.00,45.00
8/31/2010,45.00,47.00
9/1/2010,45.00,46.00
9/2/2010,46.00,46.00
9/3/2010,49.00,43.00
9/4/2010,48.00,45.00
9/5/2010,49.00,44.00
9/6/2010,47.00,46.00
9/7/2010,47.00,45.00
9/8/2010,46.00,46.00
9/9/2010,47.00,45.00
9/10/2010,48.00,44.00
9/11/2010,46.00,46.00
9/12/2010,46.00,46.00
9/13/2010,46.00,47.00
9/14/2010,47.00,46.00
9/15/2010,48.00,45.00
9/16/2010,48.00,45.00
9/17/2010,49.00,45.00
9/18/2010,46.00,47.00
9/19/2010,46.00,47.00
9/20/2010,46.00,45.00
9/21/2010,48.00,43.00
9/22/2010,47.00,44.00
9/23/2010,48.00,44.00
9/24/2010,48.00,44.00
9/25/2010,49.00,44.00
9/26/2010,49.00,44.00
9/27/2010,49.00,45.00
9/28/2010,49.00,45.00
9/29/2010,47.00,47.00
9/30/2010,46.00,46.00
10/1/2010,46.00,46.00
10/2/2010,46.00,46.00
10/3/2010,48.00,46.00
10/4/2010,48.00,45.00
10/5/2010,50.00,43.00
10/6/2010,48.00,46.00
10/8/2010,46.00,47.00
10/9/2010,46.00,48.00
10/10/2010,48.00,46.00
10/11/2010,47.00,46.00
10/12/2010,48.00,45.00
10/13/2010,47.00,45.00
10/14/2010,48.00,44.00
10/15/2010,48.00,43.00
10/16/2010,48.00,44.00
10/17/2010,46.00,46.00
10/18/2010,44.00,48.00
10/19/2010,46.00,46.00
10/20/2010,46.00,46.00
10/21/2010,50.00,42.00
10/22/2010,48.00,43.00
10/23/2010,50.00,41.00
10/24/2010,48.00,43.00
10/25/2010,49.00,43.00
10/26/2010,48.00,44.00
10/27/2010,49.00,44.00
10/28/2010,48.00,46.00
10/29/2010,48.00,46.00
10/30/2010,47.00,47.00
10/31/2010,47.00,45.00
11/1/2010,48.00,44.00
11/2/2010,49.00,43.00
11/3/2010,49.00,44.00
11/4/2010,48.00,44.00
11/5/2010,47.00,45.00
11/6/2010,45.00,47.00
11/7/2010,46.00,47.00
11/8/2010,46.00,46.00
11/9/2010,48.00,44.00
11/10/2010,48.00,44.00
11/11/2010,49.00,43.00
11/12/2010,49.00,42.00
11/13/2010,49.00,43.00
11/14/2010,47.00,45.00
11/15/2010,45.00,48.00
11/16/2010,45.00,48.00
11/17/2010,47.00,46.00
11/19/2010,48.00,45.00
11/20/2010,47.00,46.00
11/21/2010,46.00,47.00
11/22/2010,46.00,46.00
11/23/2010,47.00,44.00
11/24/2010,48.00,44.00
11/26/2010,48.00,44.00
11/27/2010,47.00,45.00
11/28/2010,46.00,46.00
11/29/2010,45.00,47.00
12/1/2010,47.00,45.00
12/2/2010,47.00,45.00
12/3/2010,44.00,47.00
12/4/2010,43.00,48.00
12/5/2010,45.00,47.00
12/6/2010,47.00,46.00
12/7/2010,48.00,43.00
12/9/2010,47.00,45.00
12/10/2010,49.00,43.00
12/11/2010,47.00,46.00
12/12/2010,49.00,45.00
12/13/2010,45.00,46.00
12/14/2010,47.00,45.00
12/15/2010,46.00,45.00
12/16/2010,48.00,45.00
12/17/2010,45.00,46.00
12/18/2010,46.00,46.00
12/19/2010,45.00,46.00
12/20/2010,48.00,46.00
12/21/2010,46.00,48.00
12/22/2010,45.00,49.00
12/23/2010,45.00,48.00
12/26/2010,46.00,46.00
12/27/2010,48.00,45.00
12/28/2010,46.00,47.00
12/29/2010,45.00,47.00
1/2/2011,42.00,50.00
1/3/2011,43.00,50.00
1/4/2011,45.00,49.00
1/5/2011,46.00,48.00
1/6/2011,48.00,46.00
1/7/2011,46.00,48.00
1/8/2011,43.00,48.00
1/9/2011,43.00,49.00
1/11/2011,44.00,48.00
1/12/2011,45.00,48.00
1/13/2011,43.00,49.00
1/14/2011,43.00,49.00
1/15/2011,42.00,49.00
1/16/2011,42.00,48.00
1/17/2011,42.00,50.00
1/18/2011,43.00,49.00
1/19/2011,42.00,51.00
1/20/2011,42.00,50.00
1/21/2011,41.00,51.00
1/22/2011,42.00,49.00
1/23/2011,42.00,50.00
1/24/2011,42.00,50.00
1/25/2011,43.00,49.00
1/26/2011,42.00,49.00
1/27/2011,41.00,49.00
1/28/2011,41.00,50.00
1/29/2011,41.00,50.00
1/30/2011,42.00,50.00
1/31/2011,41.00,50.00
2/1/2011,42.00,50.00
2/2/2011,45.00,48.00
2/3/2011,46.00,46.00
2/4/2011,47.00,45.00
2/5/2011,45.00,46.00
2/7/2011,45.00,46.00
2/8/2011,44.00,47.00
2/9/2011,44.00,48.00
2/10/2011,44.00,47.00
2/11/2011,44.00,48.00
2/12/2011,42.00,49.00
2/13/2011,43.00,49.00
2/14/2011,44.00,48.00
2/15/2011,46.00,46.00
2/16/2011,43.00,48.00
2/17/2011,43.00,49.00
2/18/2011,42.00,51.00
2/19/2011,44.00,48.00
2/20/2011,43.00,48.00
2/21/2011,45.00,46.00
2/22/2011,45.00,47.00
2/23/2011,46.00,46.00
2/24/2011,44.00,48.00
2/25/2011,42.00,50.00
2/26/2011,44.00,49.00
2/27/2011,44.00,47.00
2/28/2011,46.00,45.00
3/1/2011,46.00,45.00
3/2/2011,47.00,46.00
3/3/2011,46.00,45.00
3/4/2011,44.00,47.00
3/5/2011,45.00,47.00
3/6/2011,45.00,47.00
3/7/2011,46.00,46.00
3/8/2011,48.00,45.00
3/9/2011,45.00,47.00
3/10/2011,45.00,47.00
3/11/2011,43.00,49.00
3/12/2011,45.00,46.00
3/13/2011,44.00,46.00
3/14/2011,46.00,45.00
3/15/2011,44.00,48.00
3/16/2011,43.00,50.00
3/17/2011,42.00,51.00
3/18/2011,43.00,49.00
3/19/2011,45.00,46.00
3/20/2011,44.00,46.00
3/21/2011,46.00,44.00
3/22/2011,46.00,45.00
3/23/2011,46.00,45.00
3/24/2011,46.00,46.00
3/25/2011,46.00,47.00
3/26/2011,46.00,46.00
3/27/2011,48.00,45.00
3/28/2011,45.00,48.00
3/29/2011,44.00,49.00
3/30/2011,43.00,49.00
3/31/2011,44.00,47.00
4/1/2011,45.00,46.00
4/2/2011,46.00,46.00
4/3/2011,45.00,46.00
4/4/2011,45.00,46.00
4/5/2011,45.00,45.00
4/6/2011,47.00,45.00
4/7/2011,47.00,45.00
4/8/2011,47.00,44.00
4/9/2011,46.00,45.00
4/10/2011,46.00,45.00
4/11/2011,46.00,46.00
4/12/2011,48.00,44.00
4/13/2011,50.00,42.00
4/14/2011,50.00,41.00
4/15/2011,49.00,41.00
4/16/2011,47.00,44.00
4/17/2011,47.00,44.00
4/18/2011,48.00,44.00
4/19/2011,49.00,42.00
4/20/2011,49.00,43.00
4/21/2011,47.00,44.00
4/22/2011,47.00,44.00
4/23/2011,46.00,44.00
4/25/2011,47.00,44.00
4/26/2011,48.00,43.00
4/27/2011,49.00,42.00
4/28/2011,49.00,43.00
4/29/2011,47.00,45.00
4/30/2011,46.00,46.00
5/1/2011,45.00,46.00
5/2/2011,44.00,47.00
5/3/2011,42.00,50.00
5/4/2011,40.00,52.00
5/5/2011,41.00,51.00
5/6/2011,41.00,51.00
5/7/2011,41.00,51.00
5/8/2011,40.00,51.00
5/9/2011,40.00,52.00
5/10/2011,40.00,51.00
5/11/2011,42.00,51.00
5/12/2011,43.00,50.00
5/13/2011,45.00,48.00
5/14/2011,44.00,48.00
5/15/2011,44.00,46.00
5/16/2011,43.00,48.00
5/17/2011,43.00,48.00
5/18/2011,43.00,50.00
5/19/2011,43.00,49.00
5/20/2011,43.00,49.00
5/21/2011,43.00,49.00
5/22/2011,42.00,50.00
5/23/2011,42.00,51.00
5/24/2011,41.00,53.00
5/25/2011,42.00,52.00
5/26/2011,41.00,51.00
5/27/2011,43.00,49.00
5/28/2011,45.00,46.00
5/29/2011,44.00,47.00
5/31/2011,42.00,49.00
6/1/2011,39.00,53.00
6/2/2011,42.00,51.00
6/3/2011,44.00,48.00
6/4/2011,45.00,47.00
6/5/2011,43.00,49.00
6/6/2011,40.00,50.00
6/7/2011,41.00,49.00
6/8/2011,44.00,46.00
6/9/2011,46.00,45.00
6/10/2011,45.00,46.00
6/11/2011,44.00,46.00
6/12/2011,45.00,47.00
6/13/2011,46.00,47.00
6/14/2011,47.00,47.00
6/15/2011,46.00,46.00
6/16/2011,47.00,45.00
6/17/2011,46.00,46.00
6/18/2011,44.00,49.00
6/19/2011,43.00,49.00
6/20/2011,48.00,45.00
6/21/2011,49.00,43.00
6/22/2011,50.00,43.00
6/23/2011,47.00,45.00
6/24/2011,48.00,45.00
6/25/2011,49.00,44.00
6/26/2011,49.00,43.00
6/27/2011,48.00,44.00
6/28/2011,46.00,45.00
6/29/2011,46.00,46.00
6/30/2011,47.00,44.00
7/1/2011,47.00,45.00
7/2/2011,47.00,45.00
7/3/2011,46.00,47.00
7/5/2011,47.00,45.00
7/6/2011,47.00,46.00
7/7/2011,44.00,47.00
7/8/2011,45.00,46.00
7/9/2011,45.00,46.00
7/10/2011,46.00,45.00
7/11/2011,46.00,46.00
7/12/2011,46.00,46.00
7/13/2011,48.00,44.00
7/14/2011,48.00,44.00
7/15/2011,50.00,42.00
7/16/2011,49.00,44.00
7/17/2011,48.00,44.00
7/18/2011,47.00,44.00
7/19/2011,48.00,42.00
7/20/2011,49.00,43.00
7/21/2011,49.00,43.00
7/22/2011,49.00,43.00
7/23/2011,49.00,42.00
7/24/2011,48.00,45.00
7/25/2011,46.00,46.00
7/26/2011,46.00,46.00
7/27/2011,48.00,43.00
7/28/2011,50.00,40.00
7/29/2011,52.00,40.00
7/30/2011,52.00,41.00
7/31/2011,50.00,43.00
8/1/2011,48.00,43.00
8/2/2011,49.00,42.00
8/3/2011,51.00,41.00
8/4/2011,52.00,41.00
8/5/2011,50.00,42.00
8/6/2011,50.00,42.00
8/7/2011,48.00,43.00
8/8/2011,50.00,40.00
8/9/2011,51.00,41.00
8/10/2011,51.00,41.00
8/11/2011,51.00,41.00
8/12/2011,51.00,42.00
8/13/2011,54.00,39.00
8/14/2011,52.00,41.00
8/15/2011,53.00,39.00
8/16/2011,52.00,40.00
8/17/2011,52.00,40.00
8/18/2011,53.00,40.00
8/19/2011,51.00,42.00
8/20/2011,53.00,40.00
8/21/2011,53.00,40.00
8/22/2011,54.00,38.00
8/23/2011,53.00,39.00
8/24/2011,50.00,41.00
8/25/2011,50.00,42.00
8/26/2011,51.00,41.00
8/27/2011,55.00,38.00
8/29/2011,55.00,38.00
8/30/2011,54.00,39.00
8/31/2011,50.00,42.00
9/1/2011,50.00,42.00
9/2/2011,51.00,42.00
9/3/2011,50.00,42.00
9/4/2011,50.00,43.00
9/6/2011,50.00,42.00
9/7/2011,50.00,44.00
9/8/2011,49.00,43.00
9/9/2011,48.00,43.00
9/10/2011,48.00,42.00
9/11/2011,49.00,42.00
9/12/2011,50.00,43.00
9/13/2011,52.00,40.00
9/14/2011,53.00,39.00
9/15/2011,52.00,39.00
9/16/2011,53.00,39.00
9/17/2011,53.00,40.00
9/18/2011,52.00,40.00
9/19/2011,50.00,42.00
9/20/2011,49.00,42.00
9/21/2011,51.00,41.00
9/22/2011,52.00,40.00
9/23/2011,53.00,39.00
9/24/2011,50.00,42.00
9/25/2011,50.00,41.00
9/26/2011,49.00,42.00
9/27/2011,51.00,40.00
9/28/2011,51.00,39.00
9/29/2011,52.00,39.00
9/30/2011,51.00,41.00
10/1/2011,50.00,43.00
10/2/2011,49.00,43.00
10/3/2011,50.00,42.00
10/4/2011,52.00,41.00
10/5/2011,52.00,40.00
10/6/2011,53.00,38.00
10/7/2011,53.00,39.00
10/8/2011,53.00,39.00
10/9/2011,52.00,40.00
10/10/2011,51.00,41.00
10/11/2011,51.00,41.00
10/12/2011,53.00,40.00
10/13/2011,54.00,38.00
10/14/2011,52.00,40.00
10/15/2011,52.00,40.00
10/16/2011,50.00,42.00
10/17/2011,54.00,38.00
10/18/2011,53.00,39.00
10/19/2011,54.00,39.00
10/20/2011,50.00,42.00
10/21/2011,49.00,43.00
10/22/2011,47.00,44.00
10/23/2011,50.00,42.00
10/24/2011,49.00,43.00
10/25/2011,50.00,42.00
10/26/2011,48.00,43.00
10/27/2011,49.00,43.00
10/28/2011,51.00,42.00
10/29/2011,50.00,43.00
10/30/2011,50.00,43.00
11/1/2011,48.00,45.00
11/2/2011,49.00,44.00
11/3/2011,50.00,42.00
11/4/2011,51.00,42.00
11/5/2011,50.00,42.00
11/6/2011,50.00,43.00
11/7/2011,48.00,44.00
11/8/2011,48.00,43.00
11/9/2011,47.00,42.00
11/10/2011,49.00,42.00
11/11/2011,49.00,42.00
11/12/2011,49.00,43.00
11/13/2011,49.00,43.00
11/14/2011,49.00,44.00
11/15/2011,50.00,42.00
11/16/2011,51.00,40.00
11/17/2011,49.00,41.00
11/18/2011,47.00,43.00
11/19/2011,47.00,45.00
11/20/2011,47.00,44.00
11/21/2011,50.00,43.00
11/22/2011,50.00,41.00
11/23/2011,51.00,41.00
11/25/2011,48.00,42.00
11/26/2011,48.00,44.00
11/27/2011,47.00,44.00
11/28/2011,49.00,43.00
11/29/2011,49.00,43.00
11/30/2011,50.00,42.00
12/1/2011,50.00,42.00
12/2/2011,51.00,41.00
12/3/2011,49.00,44.00
12/4/2011,49.00,43.00
12/5/2011,51.00,41.00
12/6/2011,51.00,41.00
12/7/2011,50.00,42.00
12/8/2011,51.00,42.00
12/9/2011,51.00,42.00
12/10/2011,50.00,43.00
12/11/2011,48.00,44.00
12/12/2011,48.00,45.00
12/13/2011,49.00,43.00
12/14/2011,50.00,42.00
12/15/2011,51.00,41.00
12/17/2011,51.00,42.00
12/18/2011,50.00,42.00
12/19/2011,50.00,43.00
12/20/2011,49.00,43.00
12/21/2011,48.00,43.00
12/22/2011,48.00,44.00
12/23/2011,45.00,47.00
12/26/2011,48.00,46.00
12/27/2011,48.00,44.00
12/28/2011,50.00,41.00
12/29/2011,48.00,43.00
1/2/2012,47.00,45.00
1/3/2012,46.00,47.00
1/4/2012,47.00,46.00
1/5/2012,46.00,45.00
1/6/2012,46.00,45.00
1/7/2012,46.00,45.00
1/8/2012,47.00,46.00
1/9/2012,50.00,42.00
1/10/2012,49.00,43.00
1/11/2012,48.00,43.00
1/12/2012,46.00,45.00
1/13/2012,48.00,45.00
1/14/2012,48.00,46.00
1/15/2012,47.00,46.00
1/16/2012,46.00,46.00
1/17/2012,46.00,45.00
1/18/2012,46.00,45.00
1/19/2012,46.00,45.00
1/20/2012,46.00,46.00
1/21/2012,46.00,44.00
1/22/2012,46.00,44.00
1/23/2012,47.00,44.00
1/24/2012,49.00,43.00
1/25/2012,49.00,44.00
1/26/2012,49.00,43.00
1/27/2012,47.00,46.00
1/28/2012,46.00,46.00
1/29/2012,47.00,46.00
1/30/2012,47.00,46.00
1/31/2012,49.00,44.00
2/1/2012,47.00,46.00
2/2/2012,48.00,45.00
2/3/2012,46.00,46.00
2/6/2012,48.00,46.00
2/7/2012,47.00,47.00
2/8/2012,45.00,49.00
2/9/2012,46.00,48.00
2/10/2012,46.00,48.00
2/11/2012,48.00,45.00
2/12/2012,47.00,46.00
2/13/2012,47.00,45.00
2/14/2012,45.00,45.00
2/15/2012,48.00,43.00
2/16/2012,48.00,46.00
2/17/2012,48.00,46.00
2/18/2012,47.00,46.00
2/19/2012,48.00,44.00
2/20/2012,48.00,44.00
2/21/2012,48.00,45.00
2/22/2012,48.00,45.00
2/23/2012,47.00,45.00
2/24/2012,46.00,45.00
2/25/2012,46.00,44.00
2/26/2012,47.00,45.00
2/27/2012,50.00,43.00
2/28/2012,50.00,45.00
2/29/2012,49.00,46.00
3/1/2012,48.00,47.00
3/2/2012,46.00,48.00
3/3/2012,46.00,48.00
3/4/2012,48.00,45.00
3/5/2012,48.00,43.00
3/6/2012,47.00,44.00
3/7/2012,44.00,48.00
3/8/2012,44.00,48.00
3/9/2012,44.00,48.00
3/10/2012,45.00,47.00
3/11/2012,43.00,49.00
3/12/2012,46.00,47.00
3/13/2012,45.00,48.00
3/14/2012,49.00,45.00
3/15/2012,50.00,44.00
3/16/2012,50.00,43.00
3/17/2012,47.00,46.00
3/18/2012,44.00,49.00
3/19/2012,44.00,49.00
3/20/2012,46.00,46.00
3/21/2012,47.00,46.00
3/22/2012,46.00,47.00
3/23/2012,44.00,48.00
3/24/2012,44.00,47.00
3/25/2012,45.00,46.00
3/26/2012,45.00,47.00
3/27/2012,44.00,48.00
3/28/2012,46.00,46.00
3/29/2012,47.00,44.00
3/30/2012,50.00,43.00
3/31/2012,45.00,46.00
4/1/2012,44.00,47.00
4/2/2012,44.00,48.00
4/3/2012,45.00,48.00
4/4/2012,46.00,49.00
4/5/2012,43.00,50.00
4/6/2012,46.00,47.00
4/7/2012,46.00,45.00
4/9/2012,46.00,44.00
4/10/2012,45.00,45.00
4/11/2012,44.00,48.00
4/12/2012,44.00,49.00
4/13/2012,46.00,48.00
4/14/2012,47.00,47.00
4/15/2012,48.00,45.00
4/16/2012,48.00,46.00
4/17/2012,47.00,47.00
4/18/2012,46.00,47.00
4/19/2012,46.00,46.00
4/20/2012,46.00,46.00
4/21/2012,45.00,47.00
4/22/2012,44.00,50.00
4/23/2012,44.00,50.00
4/24/2012,44.00,50.00
4/26/2012,44.00,49.00
4/27/2012,46.00,48.00
4/28/2012,45.00,48.00
4/29/2012,48.00,47.00
4/30/2012,47.00,48.00
5/1/2012,46.00,49.00
5/2/2012,43.00,51.00
5/3/2012,44.00,50.00
5/4/2012,46.00,48.00
5/5/2012,48.00,46.00
5/6/2012,47.00,47.00
5/7/2012,47.00,46.00
5/8/2012,46.00,47.00
5/9/2012,46.00,48.00
5/10/2012,45.00,49.00
5/11/2012,46.00,48.00
5/12/2012,47.00,46.00
5/13/2012,48.00,46.00
5/14/2012,48.00,45.00
5/15/2012,48.00,46.00
5/16/2012,47.00,47.00
5/17/2012,46.00,48.00
5/18/2012,47.00,46.00
5/19/2012,45.00,48.00
5/20/2012,46.00,48.00
5/21/2012,45.00,48.00
5/22/2012,47.00,47.00
5/23/2012,48.00,46.00
5/24/2012,47.00,47.00
5/25/2012,46.00,48.00
5/26/2012,45.00,48.00
5/27/2012,44.00,49.00
5/29/2012,46.00,47.00
5/30/2012,45.00,47.00
5/31/2012,47.00,45.00
6/1/2012,46.00,46.00
6/2/2012,47.00,46.00
6/3/2012,45.00,47.00
6/4/2012,46.00,46.00
6/5/2012,47.00,46.00
6/6/2012,48.00,45.00
6/7/2012,47.00,46.00
6/8/2012,45.00,47.00
6/9/2012,45.00,48.00
6/10/2012,44.00,50.00
6/11/2012,45.00,49.00
6/12/2012,45.00,48.00
6/13/2012,48.00,46.00
6/14/2012,49.00,44.00
6/15/2012,49.00,45.00
6/16/2012,49.00,45.00
6/17/2012,47.00,46.00
6/18/2012,48.00,45.00
6/19/2012,48.00,46.00
6/20/2012,49.00,43.00
6/21/2012,48.00,45.00
6/22/2012,46.00,46.00
6/23/2012,45.00,51.00
6/24/2012,48.00,47.00
6/25/2012,46.00,48.00
6/26/2012,47.00,45.00
6/27/2012,46.00,46.00
6/28/2012,46.00,47.00
6/29/2012,47.00,47.00
6/30/2012,46.00,48.00
7/1/2012,47.00,46.00
7/2/2012,47.00,46.00
7/3/2012,47.00,45.00
7/5/2012,46.00,45.00
7/6/2012,45.00,47.00
7/7/2012,46.00,46.00
7/8/2012,46.00,45.00
7/9/2012,47.00,44.00
7/10/2012,46.00,45.00
7/11/2012,47.00,45.00
7/12/2012,48.00,45.00
7/13/2012,48.00,45.00
7/14/2012,47.00,46.00
7/15/2012,45.00,47.00
7/16/2012,46.00,47.00
7/17/2012,47.00,46.00
7/18/2012,48.00,46.00
7/19/2012,46.00,47.00
7/20/2012,47.00,46.00
7/21/2012,47.00,46.00
7/22/2012,49.00,44.00
7/23/2012,49.00,44.00
7/24/2012,48.00,45.00
7/25/2012,47.00,47.00
7/27/2012,48.00,47.00
7/28/2012,46.00,48.00
7/29/2012,46.00,47.00
7/30/2012,46.00,46.00
7/31/2012,48.00,46.00
8/1/2012,49.00,45.00
8/2/2012,48.00,45.00
8/3/2012,48.00,45.00
8/4/2012,47.00,45.00
8/5/2012,47.00,46.00
8/6/2012,47.00,47.00
8/7/2012,47.00,47.00
8/8/2012,48.00,46.00
8/9/2012,51.00,43.00
8/10/2012,50.00,43.00
8/11/2012,50.00,43.00
8/12/2012,48.00,45.00
8/13/2012,49.00,45.00
8/14/2012,49.00,45.00
8/15/2012,50.00,44.00
8/16/2012,50.00,44.00
8/17/2012,49.00,45.00
8/18/2012,47.00,47.00
8/19/2012,47.00,47.00
8/20/2012,48.00,45.00
8/21/2012,49.00,46.00
8/22/2012,47.00,47.00
8/23/2012,47.00,47.00
8/24/2012,47.00,46.00
8/25/2012,48.00,45.00
8/26/2012,47.00,45.00
8/27/2012,48.00,43.00
8/28/2012,47.00,43.00
8/29/2012,47.00,44.00
8/30/2012,46.00,45.00
8/31/2012,46.00,45.00
9/1/2012,48.00,43.00
9/2/2012,48.00,45.00
9/3/2012,48.00,45.00
9/4/2012,47.00,47.00
9/5/2012,45.00,49.00
9/6/2012,43.00,52.00
9/7/2012,42.00,52.00
9/8/2012,44.00,50.00
9/9/2012,44.00,50.00
9/10/2012,43.00,50.00
9/11/2012,42.00,51.00
9/12/2012,42.00,49.00
9/13/2012,43.00,49.00
9/14/2012,45.00,49.00
9/15/2012,44.00,50.00
9/16/2012,44.00,50.00
9/17/2012,45.00,49.00
9/18/2012,46.00,48.00
9/19/2012,48.00,46.00
9/20/2012,48.00,47.00
9/21/2012,46.00,47.00
9/22/2012,43.00,51.00
9/23/2012,42.00,51.00
9/24/2012,43.00,50.00
9/25/2012,43.00,51.00
9/26/2012,44.00,50.00
9/27/2012,45.00,50.00
9/28/2012,47.00,48.00
9/29/2012,46.00,46.00
9/30/2012,46.00,47.00
10/1/2012,45.00,48.00
10/2/2012,44.00,50.00
10/3/2012,42.00,54.00
10/4/2012,43.00,52.00
10/5/2012,45.00,50.00
10/6/2012,46.00,48.00
10/7/2012,44.00,51.00
10/8/2012,42.00,53.00
10/9/2012,42.00,53.00
10/10/2012,43.00,52.00
10/11/2012,44.00,50.00
10/12/2012,46.00,48.00
10/13/2012,47.00,48.00
10/14/2012,47.00,48.00
10/15/2012,45.00,49.00
10/16/2012,45.00,49.00
10/17/2012,44.00,50.00
10/18/2012,46.00,50.00
10/19/2012,46.00,49.00
10/20/2012,45.00,49.00
10/21/2012,46.00,49.00
10/22/2012,45.00,51.00
10/23/2012,42.00,53.00
10/24/2012,44.00,51.00
10/25/2012,47.00,48.00
10/26/2012,49.00,46.00
10/27/2012,48.00,48.00
10/28/2012,44.00,51.00
11/4/2012,45.00,52.00
11/5/2012,44.00,52.00
11/6/2012,44.00,50.00
11/7/2012,44.00,49.00
11/8/2012,45.00,49.00
11/9/2012,42.00,52.00
11/10/2012,43.00,51.00
11/11/2012,42.00,52.00
11/12/2012,41.00,52.00
11/13/2012,40.00,53.00
11/14/2012,41.00,52.00
11/15/2012,42.00,52.00
11/16/2012,41.00,52.00
11/17/2012,40.00,53.00
11/18/2012,41.00,52.00
11/19/2012,42.00,53.00
11/20/2012,43.00,51.00
11/21/2012,42.00,50.00
11/23/2012,42.00,50.00
11/24/2012,40.00,51.00
11/25/2012,39.00,53.00
11/26/2012,41.00,51.00
11/27/2012,42.00,51.00
11/28/2012,45.00,49.00
11/29/2012,43.00,51.00
11/30/2012,43.00,50.00
12/1/2012,41.00,52.00
12/2/2012,40.00,54.00
12/3/2012,41.00,53.00
12/4/2012,43.00,52.00
12/5/2012,44.00,50.00
12/6/2012,44.00,49.00
12/7/2012,43.00,50.00
12/8/2012,44.00,50.00
12/9/2012,43.00,51.00
12/10/2012,40.00,53.00
12/11/2012,38.00,54.00
12/12/2012,38.00,54.00
12/13/2012,42.00,51.00
12/14/2012,43.00,50.00
12/15/2012,43.00,50.00
12/16/2012,42.00,50.00
12/17/2012,40.00,52.00
12/18/2012,38.00,54.00
12/19/2012,37.00,56.00
12/21/2012,36.00,58.00
12/22/2012,37.00,57.00
12/23/2012,37.00,57.00
12/26/2012,39.00,56.00
12/27/2012,41.00,53.00
12/28/2012,40.00,54.00
12/29/2012,42.00,53.00
12/30/2012,41.00,53.00
1/3/2013,43.00,50.00
1/4/2013,42.00,52.00
1/5/2013,41.00,52.00
1/6/2013,39.00,54.00
1/7/2013,39.00,54.00
1/8/2013,39.00,56.00
1/9/2013,40.00,56.00
1/10/2013,41.00,54.00
1/11/2013,42.00,53.00
1/12/2013,42.00,51.00
1/13/2013,41.00,52.00
1/14/2013,40.00,52.00
1/15/2013,41.00,53.00
1/16/2013,43.00,50.00
1/17/2013,44.00,49.00
1/18/2013,45.00,48.00
1/19/2013,43.00,51.00
1/20/2013,43.00,50.00
1/21/2013,43.00,51.00
1/22/2013,42.00,53.00
1/23/2013,43.00,52.00
1/24/2013,42.00,52.00
1/25/2013,42.00,51.00
1/26/2013,41.00,52.00
1/27/2013,43.00,52.00
1/28/2013,43.00,52.00
1/29/2013,43.00,51.00
1/30/2013,41.00,53.00
1/31/2013,42.00,53.00
2/1/2013,42.00,54.00
2/2/2013,43.00,52.00
2/4/2013,42.00,52.00
2/5/2013,41.00,52.00
2/6/2013,41.00,52.00
2/7/2013,43.00,52.00
2/8/2013,43.00,52.00
2/9/2013,43.00,52.00
2/10/2013,43.00,52.00
2/11/2013,42.00,52.00
2/12/2013,42.00,52.00
2/13/2013,42.00,51.00
2/14/2013,44.00,50.00
2/15/2013,44.00,50.00
2/16/2013,44.00,50.00
2/17/2013,42.00,52.00
2/18/2013,43.00,51.00
2/19/2013,42.00,51.00
2/20/2013,42.00,50.00
2/22/2013,42.00,52.00
2/23/2013,44.00,50.00
2/24/2013,42.00,51.00
2/25/2013,42.00,51.00
2/26/2013,40.00,53.00
2/27/2013,43.00,51.00
2/28/2013,43.00,51.00
3/1/2013,45.00,47.00
3/2/2013,46.00,46.00
3/3/2013,46.00,46.00
3/4/2013,44.00,49.00
3/5/2013,44.00,48.00
3/6/2013,46.00,47.00
3/7/2013,44.00,49.00
3/8/2013,44.00,49.00
3/9/2013,43.00,50.00
3/10/2013,44.00,49.00
3/11/2013,44.00,49.00
3/12/2013,45.00,49.00
3/13/2013,46.00,48.00
3/14/2013,46.00,48.00
3/15/2013,46.00,47.00
3/16/2013,46.00,47.00
3/17/2013,45.00,49.00
3/18/2013,43.00,50.00
3/19/2013,44.00,48.00
3/20/2013,45.00,46.00
3/21/2013,46.00,47.00
3/22/2013,45.00,47.00
3/23/2013,45.00,48.00
3/24/2013,46.00,47.00
3/25/2013,45.00,48.00
3/26/2013,43.00,49.00
3/27/2013,43.00,49.00
3/28/2013,46.00,48.00
3/29/2013,47.00,46.00
3/30/2013,47.00,48.00
4/1/2013,47.00,47.00
4/2/2013,46.00,48.00
4/3/2013,48.00,47.00
4/4/2013,47.00,48.00
4/5/2013,46.00,48.00
4/6/2013,44.00,49.00
4/7/2013,44.00,48.00
4/8/2013,42.00,49.00
4/9/2013,43.00,49.00
4/10/2013,44.00,49.00
4/11/2013,45.00,50.00
4/12/2013,47.00,48.00
4/13/2013,46.00,48.00
4/14/2013,46.00,48.00
4/15/2013,43.00,50.00
4/16/2013,43.00,49.00
4/17/2013,43.00,49.00
4/18/2013,43.00,51.00
4/19/2013,42.00,51.00
4/20/2013,41.00,53.00
4/21/2013,43.00,50.00
4/22/2013,43.00,51.00
4/23/2013,45.00,48.00
4/24/2013,42.00,51.00
4/25/2013,43.00,50.00
4/26/2013,40.00,52.00
4/27/2013,42.00,50.00
4/28/2013,43.00,50.00
4/29/2013,44.00,49.00
4/30/2013,44.00,50.00
5/1/2013,43.00,50.00
5/2/2013,42.00,51.00
5/3/2013,43.00,51.00
5/4/2013,44.00,50.00
5/5/2013,45.00,50.00
5/6/2013,45.00,49.00
5/7/2013,45.00,51.00
5/8/2013,45.00,49.00
5/9/2013,43.00,50.00
5/10/2013,43.00,49.00
5/11/2013,44.00,49.00
5/12/2013,45.00,48.00
5/13/2013,45.00,49.00
5/14/2013,47.00,47.00
5/15/2013,46.00,48.00
5/16/2013,45.00,49.00
5/17/2013,42.00,51.00
5/18/2013,43.00,50.00
5/19/2013,44.00,49.00
5/20/2013,44.00,49.00
5/21/2013,44.00,50.00
5/22/2013,44.00,50.00
5/23/2013,43.00,49.00
5/24/2013,44.00,47.00
5/25/2013,45.00,47.00
5/26/2013,44.00,48.00
5/27/2013,45.00,48.00
5/28/2013,43.00,50.00
5/29/2013,44.00,49.00
5/30/2013,44.00,50.00
5/31/2013,44.00,48.00
6/1/2013,45.00,47.00
6/2/2013,44.00,47.00
6/3/2013,44.00,48.00
6/4/2013,45.00,47.00
6/5/2013,45.00,48.00
6/6/2013,46.00,47.00
6/7/2013,44.00,49.00
6/8/2013,44.00,48.00
6/9/2013,43.00,48.00
6/10/2013,44.00,47.00
6/11/2013,47.00,45.00
6/12/2013,47.00,46.00
6/13/2013,47.00,46.00
6/14/2013,44.00,48.00
6/15/2013,45.00,47.00
6/16/2013,44.00,47.00
6/17/2013,44.00,47.00
6/18/2013,44.00,47.00
6/19/2013,45.00,47.00
6/20/2013,45.00,47.00
6/21/2013,45.00,46.00
6/22/2013,46.00,46.00
6/23/2013,49.00,45.00
6/24/2013,47.00,45.00
6/25/2013,46.00,46.00
6/26/2013,43.00,50.00
6/27/2013,43.00,50.00
6/28/2013,45.00,48.00
6/29/2013,47.00,45.00
6/30/2013,48.00,45.00
7/1/2013,47.00,45.00
7/2/2013,46.00,46.00
7/3/2013,44.00,46.00
7/5/2013,45.00,46.00
7/6/2013,47.00,45.00
7/7/2013,48.00,46.00
7/8/2013,47.00,47.00
7/9/2013,47.00,47.00
7/10/2013,48.00,45.00
7/11/2013,47.00,46.00
7/12/2013,45.00,46.00
7/13/2013,46.00,46.00
7/14/2013,47.00,45.00
7/15/2013,48.00,45.00
7/16/2013,48.00,46.00
7/18/2013,47.00,47.00
7/19/2013,46.00,48.00
7/20/2013,44.00,48.00
7/21/2013,44.00,48.00
7/22/2013,45.00,46.00
7/23/2013,46.00,46.00
7/24/2013,47.00,45.00
7/25/2013,46.00,47.00
7/26/2013,47.00,46.00
7/27/2013,47.00,46.00
7/28/2013,47.00,45.00
7/29/2013,46.00,46.00
7/30/2013,47.00,46.00
7/31/2013,48.00,45.00
8/1/2013,49.00,44.00
8/2/2013,48.00,45.00
8/3/2013,48.00,44.00
8/4/2013,48.00,44.00
8/5/2013,47.00,44.00
8/6/2013,45.00,46.00
8/7/2013,46.00,45.00
8/8/2013,46.00,44.00
8/9/2013,50.00,41.00
8/10/2013,50.00,42.00
8/11/2013,49.00,44.00
8/12/2013,47.00,46.00
8/13/2013,47.00,46.00
8/14/2013,47.00,46.00
8/15/2013,47.00,45.00
8/16/2013,45.00,46.00
8/17/2013,45.00,46.00
8/18/2013,43.00,48.00
8/19/2013,45.00,47.00
8/20/2013,46.00,46.00
8/21/2013,46.00,47.00
8/22/2013,44.00,48.00
8/23/2013,43.00,49.00
8/24/2013,46.00,47.00
8/25/2013,47.00,45.00
8/26/2013,49.00,42.00
8/27/2013,48.00,44.00
8/28/2013,47.00,45.00
8/29/2013,47.00,46.00
8/30/2013,47.00,45.00
8/31/2013,48.00,45.00
9/1/2013,48.00,43.00
9/2/2013,47.00,44.00
9/3/2013,49.00,43.00
9/4/2013,48.00,45.00
9/5/2013,49.00,43.00
9/6/2013,48.00,43.00
9/7/2013,48.00,42.00
9/8/2013,48.00,43.00
9/9/2013,48.00,43.00
9/10/2013,47.00,45.00
9/11/2013,47.00,44.00
9/12/2013,47.00,45.00
9/13/2013,46.00,44.00
9/14/2013,46.00,44.00
9/15/2013,45.00,45.00
9/16/2013,46.00,45.00
9/17/2013,47.00,45.00
9/18/2013,47.00,45.00
9/19/2013,47.00,44.00
9/20/2013,45.00,45.00
9/21/2013,45.00,47.00
9/22/2013,47.00,45.00
9/23/2013,47.00,46.00
9/24/2013,47.00,46.00
9/25/2013,46.00,47.00
9/26/2013,49.00,44.00
9/27/2013,50.00,43.00
9/28/2013,50.00,43.00
9/29/2013,48.00,44.00
9/30/2013,48.00,45.00
10/1/2013,48.00,45.00
10/2/2013,50.00,44.00
10/3/2013,52.00,41.00
10/4/2013,52.00,41.00
10/5/2013,49.00,43.00
10/6/2013,49.00,45.00
10/7/2013,48.00,46.00
10/8/2013,51.00,44.00
10/9/2013,50.00,43.00
10/10/2013,51.00,43.00
10/11/2013,52.00,42.00
10/12/2013,53.00,41.00
10/13/2013,53.00,41.00
10/14/2013,51.00,42.00
10/15/2013,51.00,43.00
10/16/2013,52.00,42.00
10/17/2013,50.00,43.00
10/18/2013,51.00,42.00
10/19/2013,50.00,44.00
10/20/2013,51.00,43.00
10/21/2013,50.00,44.00
10/22/2013,51.00,43.00
10/23/2013,50.00,43.00
10/24/2013,52.00,42.00
10/25/2013,51.00,42.00
10/26/2013,50.00,44.00
10/27/2013,49.00,44.00
10/28/2013,49.00,44.00
10/29/2013,50.00,42.00
10/30/2013,51.00,41.00
11/1/2013,51.00,41.00
11/2/2013,53.00,40.00
11/3/2013,53.00,40.00
11/4/2013,53.00,39.00
11/5/2013,53.00,40.00
11/6/2013,51.00,42.00
11/7/2013,50.00,43.00
11/8/2013,51.00,42.00
11/9/2013,53.00,41.00
11/10/2013,54.00,40.00
11/11/2013,54.00,40.00
11/12/2013,52.00,42.00
11/13/2013,52.00,42.00
11/14/2013,52.00,42.00
11/15/2013,53.00,40.00
11/16/2013,53.00,41.00
11/17/2013,53.00,41.00
11/18/2013,53.00,41.00
11/19/2013,53.00,40.00
11/21/2013,54.00,39.00
11/22/2013,53.00,40.00
11/23/2013,53.00,39.00
11/24/2013,52.00,41.00
11/25/2013,52.00,42.00
11/26/2013,51.00,44.00
11/27/2013,52.00,42.00
11/29/2013,51.00,42.00
11/30/2013,52.00,42.00
12/1/2013,52.00,41.00
12/2/2013,53.00,40.00
12/3/2013,51.00,41.00
12/4/2013,51.00,42.00
12/5/2013,50.00,43.00
12/6/2013,51.00,42.00
12/8/2013,50.00,41.00
12/9/2013,51.00,40.00
12/10/2013,49.00,41.00
12/11/2013,49.00,42.00
12/12/2013,49.00,42.00
12/13/2013,50.00,41.00
12/14/2013,51.00,41.00
12/15/2013,50.00,41.00
12/16/2013,50.00,41.00
12/17/2013,50.00,42.00
12/18/2013,51.00,41.00
12/19/2013,52.00,40.00
12/20/2013,52.00,40.00
12/21/2013,53.00,40.00
12/22/2013,53.00,40.00
12/23/2013,54.00,39.00
12/26/2013,53.00,40.00
12/27/2013,52.00,42.00
12/28/2013,49.00,44.00
12/29/2013,49.00,44.00
1/2/2014,50.00,42.00
1/3/2014,53.00,40.00
1/4/2014,53.00,40.00
1/5/2014,53.00,41.00
1/6/2014,53.00,41.00
1/7/2014,52.00,41.00
1/8/2014,51.00,41.00
1/9/2014,50.00,42.00
1/10/2014,50.00,42.00
1/11/2014,51.00,43.00
1/12/2014,51.00,42.00
1/13/2014,53.00,40.00
1/14/2014,52.00,40.00
1/15/2014,53.00,39.00
1/16/2014,53.00,39.00
1/17/2014,53.00,39.00
1/18/2014,52.00,40.00
1/19/2014,51.00,40.00
1/20/2014,50.00,41.00
1/21/2014,49.00,42.00
1/22/2014,49.00,42.00
1/23/2014,49.00,43.00
1/24/2014,50.00,43.00
1/25/2014,51.00,42.00
1/26/2014,52.00,41.00
1/27/2014,50.00,41.00
1/28/2014,50.00,41.00
1/29/2014,49.00,42.00
1/30/2014,50.00,43.00
1/31/2014,51.00,42.00
2/1/2014,51.00,41.00
2/3/2014,51.00,40.00
2/5/2014,50.00,41.00
2/6/2014,51.00,40.00
2/7/2014,52.00,39.00
2/8/2014,51.00,41.00
2/9/2014,51.00,42.00
2/10/2014,50.00,42.00
2/11/2014,51.00,40.00
2/12/2014,51.00,39.00
2/13/2014,52.00,40.00
2/14/2014,52.00,40.00
2/15/2014,53.00,41.00
2/16/2014,53.00,41.00
2/17/2014,52.00,42.00
2/18/2014,50.00,44.00
2/19/2014,50.00,46.00
2/20/2014,50.00,45.00
2/21/2014,51.00,44.00
2/22/2014,51.00,44.00
2/23/2014,52.00,44.00
2/24/2014,53.00,44.00
2/25/2014,54.00,43.00
2/26/2014,54.00,42.00
2/27/2014,54.00,42.00
2/28/2014,56.00,40.00
3/1/2014,56.00,40.00
3/2/2014,54.00,42.00
3/3/2014,52.00,43.00
3/4/2014,54.00,42.00
3/5/2014,55.00,41.00
3/6/2014,55.00,42.00
3/8/2014,51.00,45.00
3/9/2014,51.00,45.00
3/10/2014,51.00,45.00
3/11/2014,52.00,43.00
3/12/2014,54.00,41.00
3/13/2014,54.00,40.00
3/14/2014,55.00,39.00
3/15/2014,54.00,40.00
3/16/2014,55.00,40.00
3/17/2014,52.00,41.00
3/18/2014,49.00,45.00
3/19/2014,49.00,45.00
3/20/2014,52.00,43.00
3/21/2014,55.00,40.00
3/22/2014,53.00,43.00
3/23/2014,51.00,44.00
3/24/2014,50.00,45.00
3/25/2014,52.00,42.00
3/26/2014,53.00,42.00
3/27/2014,54.00,40.00
3/28/2014,52.00,43.00
3/29/2014,52.00,43.00
3/30/2014,50.00,45.00
3/31/2014,51.00,44.00
4/1/2014,50.00,44.00
4/2/2014,50.00,45.00
4/3/2014,50.00,45.00
4/4/2014,53.00,43.00
4/5/2014,53.00,42.00
4/6/2014,52.00,44.00
4/7/2014,51.00,44.00
4/8/2014,51.00,44.00
4/9/2014,52.00,42.00
4/10/2014,52.00,42.00
4/11/2014,51.00,43.00
4/12/2014,51.00,43.00
4/13/2014,44.00,50.00
4/14/2014,43.00,51.00
4/15/2014,42.00,52.00
4/16/2014,42.00,51.00
4/17/2014,43.00,50.00
4/18/2014,45.00,49.00
4/19/2014,45.00,49.00
4/21/2014,46.00,48.00
4/22/2014,45.00,49.00
4/23/2014,45.00,49.00
4/24/2014,44.00,50.00
4/25/2014,44.00,51.00
4/26/2014,45.00,50.00
4/27/2014,43.00,52.00
4/28/2014,44.00,52.00
4/29/2014,43.00,52.00
4/30/2014,46.00,49.00
5/1/2014,45.00,49.00
5/2/2014,43.00,51.00
5/3/2014,42.00,53.00
5/4/2014,44.00,51.00
5/5/2014,43.00,52.00
5/6/2014,45.00,50.00
5/7/2014,44.00,51.00
5/8/2014,47.00,48.00
5/9/2014,45.00,50.00
5/10/2014,45.00,50.00
5/11/2014,44.00,50.00
5/12/2014,46.00,49.00
5/13/2014,45.00,49.00
5/14/2014,44.00,50.00
5/15/2014,44.00,49.00
5/16/2014,46.00,48.00
5/17/2014,44.00,51.00
5/18/2014,43.00,52.00
5/19/2014,42.00,53.00
5/20/2014,42.00,52.00
5/21/2014,45.00,49.00
5/22/2014,44.00,51.00
5/23/2014,44.00,51.00
5/24/2014,42.00,54.00
5/25/2014,44.00,52.00
5/26/2014,44.00,52.00
5/27/2014,45.00,50.00
5/28/2014,45.00,50.00
5/29/2014,45.00,51.00
5/30/2014,44.00,52.00
5/31/2014,44.00,52.00
6/1/2014,44.00,51.00
6/2/2014,43.00,52.00
6/4/2014,43.00,51.00
6/5/2014,43.00,51.00
6/6/2014,44.00,50.00
6/7/2014,43.00,51.00
6/8/2014,45.00,49.00
6/9/2014,44.00,50.00
6/10/2014,46.00,47.00
6/11/2014,45.00,49.00
6/12/2014,43.00,51.00
6/13/2014,41.00,54.00
6/14/2014,40.00,55.00
6/15/2014,41.00,53.00
6/16/2014,41.00,53.00
6/17/2014,41.00,54.00
6/18/2014,41.00,55.00
6/19/2014,41.00,54.00
6/20/2014,40.00,54.00
6/21/2014,41.00,54.00
6/22/2014,40.00,55.00
6/23/2014,42.00,53.00
6/24/2014,42.00,53.00
6/25/2014,42.00,52.00
6/26/2014,42.00,52.00
6/27/2014,43.00,51.00
6/28/2014,43.00,51.00
6/29/2014,42.00,52.00
6/30/2014,41.00,53.00
7/1/2014,40.00,54.00
7/2/2014,41.00,53.00
7/3/2014,43.00,52.00
7/5/2014,45.00,51.00
7/6/2014,44.00,52.00
7/7/2014,44.00,51.00
7/8/2014,42.00,54.00
7/9/2014,42.00,53.00
7/10/2014,41.00,55.00
7/11/2014,42.00,53.00
7/12/2014,42.00,53.00
7/13/2014,43.00,52.00
7/14/2014,44.00,51.00
7/15/2014,43.00,51.00
7/16/2014,42.00,52.00
7/17/2014,42.00,53.00
7/18/2014,43.00,53.00
7/19/2014,44.00,52.00
7/20/2014,44.00,50.00
7/21/2014,44.00,49.00
7/22/2014,42.00,51.00
7/23/2014,42.00,52.00
7/24/2014,39.00,54.00
7/25/2014,40.00,53.00
7/26/2014,40.00,52.00
7/27/2014,41.00,52.00
7/28/2014,40.00,54.00
7/29/2014,39.00,55.00
7/30/2014,41.00,54.00
7/31/2014,42.00,53.00
8/1/2014,42.00,53.00
8/2/2014,41.00,54.00
8/3/2014,42.00,53.00
8/4/2014,42.00,53.00
8/5/2014,41.00,53.00
8/6/2014,41.00,53.00
8/7/2014,44.00,50.00
8/8/2014,43.00,51.00
8/10/2014,43.00,52.00
8/11/2014,41.00,55.00
8/12/2014,42.00,53.00
8/13/2014,40.00,53.00
8/14/2014,42.00,51.00
8/15/2014,41.00,53.00
8/16/2014,41.00,53.00
8/17/2014,41.00,53.00
8/18/2014,42.00,51.00
8/19/2014,43.00,51.00
8/20/2014,44.00,50.00
8/21/2014,43.00,50.00
8/22/2014,41.00,53.00
8/23/2014,40.00,52.00
8/24/2014,42.00,51.00
8/25/2014,42.00,51.00
8/26/2014,41.00,53.00
8/27/2014,40.00,54.00
8/28/2014,41.00,53.00
8/29/2014,41.00,52.00
8/30/2014,42.00,51.00
8/31/2014,42.00,51.00
9/1/2014,42.00,52.00
9/2/2014,39.00,54.00
9/3/2014,38.00,54.00
9/5/2014,38.00,54.00
9/6/2014,40.00,53.00
9/7/2014,42.00,53.00
9/8/2014,42.00,52.00
9/9/2014,42.00,52.00
9/10/2014,40.00,54.00
9/11/2014,41.00,54.00
9/12/2014,40.00,54.00
9/13/2014,41.00,54.00
9/14/2014,41.00,54.00
9/15/2014,41.00,55.00
9/16/2014,43.00,53.00
9/17/2014,42.00,53.00
9/18/2014,42.00,53.00
9/19/2014,40.00,55.00
9/20/2014,42.00,53.00
9/21/2014,45.00,50.00
9/22/2014,44.00,51.00
9/23/2014,44.00,51.00
9/24/2014,42.00,53.00
9/25/2014,42.00,52.00
9/26/2014,42.00,53.00
9/27/2014,42.00,53.00
9/28/2014,43.00,52.00
9/29/2014,43.00,52.00
9/30/2014,44.00,52.00
10/1/2014,42.00,54.00
10/2/2014,42.00,54.00
10/3/2014,41.00,55.00
10/4/2014,42.00,53.00
10/5/2014,44.00,50.00
10/6/2014,44.00,50.00
10/7/2014,44.00,51.00
10/8/2014,40.00,55.00
10/9/2014,39.00,56.00
10/10/2014,39.00,57.00
10/11/2014,42.00,54.00
10/12/2014,42.00,53.00
10/13/2014,41.00,54.00
10/14/2014,40.00,55.00
10/15/2014,42.00,52.00
10/16/2014,43.00,51.00
10/17/2014,42.00,53.00
10/18/2014,40.00,55.00
10/19/2014,40.00,55.00
10/20/2014,40.00,54.00
10/21/2014,41.00,54.00
10/22/2014,40.00,54.00
10/23/2014,42.00,54.00
10/24/2014,43.00,53.00
10/25/2014,43.00,52.00
10/26/2014,42.00,52.00
10/27/2014,42.00,53.00
10/28/2014,42.00,53.00
10/29/2014,43.00,52.00
10/30/2014,41.00,54.00
11/1/2014,40.00,54.00
11/2/2014,41.00,54.00
11/3/2014,42.00,53.00
11/4/2014,43.00,51.00
11/5/2014,41.00,53.00
11/6/2014,41.00,54.00
11/7/2014,40.00,55.00
11/8/2014,39.00,56.00
11/9/2014,40.00,55.00
11/10/2014,39.00,56.00
11/11/2014,42.00,52.00
11/12/2014,41.00,53.00
11/13/2014,42.00,52.00
11/14/2014,42.00,53.00
11/15/2014,44.00,51.00
11/16/2014,44.00,51.00
11/17/2014,43.00,51.00
11/18/2014,42.00,52.00
11/19/2014,42.00,53.00
11/20/2014,41.00,54.00
11/21/2014,41.00,55.00
11/22/2014,42.00,54.00
11/23/2014,43.00,52.00
11/24/2014,43.00,52.00
11/25/2014,44.00,52.00
11/26/2014,41.00,54.00
11/28/2014,43.00,53.00
11/29/2014,44.00,51.00
11/30/2014,45.00,50.00
12/1/2014,45.00,50.00
12/2/2014,41.00,53.00
12/3/2014,42.00,52.00
12/5/2014,41.00,52.00
12/6/2014,43.00,51.00
12/7/2014,44.00,51.00
12/8/2014,44.00,52.00
12/9/2014,44.00,51.00
12/10/2014,42.00,53.00
12/12/2014,44.00,51.00
12/13/2014,43.00,52.00
12/14/2014,44.00,51.00
12/15/2014,43.00,52.00
12/16/2014,43.00,52.00
12/17/2014,42.00,52.00
12/18/2014,43.00,52.00
12/19/2014,45.00,50.00
12/20/2014,47.00,49.00
12/21/2014,47.00,49.00
12/22/2014,44.00,51.00
12/23/2014,43.00,50.00
12/26/2014,43.00,51.00
12/27/2014,46.00,49.00
12/28/2014,45.00,50.00
12/29/2014,48.00,48.00
12/30/2014,47.00,48.00
1/2/2015,48.00,47.00
1/3/2015,46.00,48.00
1/4/2015,44.00,49.00
1/5/2015,46.00,48.00
1/6/2015,45.00,48.00
1/7/2015,46.00,47.00
1/8/2015,44.00,49.00
1/9/2015,44.00,50.00
1/10/2015,44.00,50.00
1/11/2015,46.00,48.00
1/12/2015,47.00,48.00
1/13/2015,46.00,48.00
1/14/2015,46.00,48.00
1/15/2015,48.00,47.00
1/16/2015,47.00,49.00
1/17/2015,46.00,50.00
1/18/2015,44.00,51.00
1/19/2015,45.00,49.00
1/20/2015,46.00,49.00
1/22/2015,47.00,49.00
1/23/2015,48.00,49.00
1/24/2015,48.00,48.00
1/25/2015,50.00,45.00
1/26/2015,48.00,46.00
1/27/2015,49.00,46.00
1/28/2015,47.00,49.00
1/29/2015,49.00,47.00
1/30/2015,49.00,46.00
1/31/2015,47.00,47.00
2/2/2015,46.00,49.00
2/3/2015,45.00,50.00
2/5/2015,45.00,50.00
2/6/2015,46.00,49.00
2/7/2015,45.00,50.00
2/8/2015,46.00,49.00
2/9/2015,46.00,49.00
2/10/2015,46.00,49.00
2/11/2015,46.00,49.00
2/12/2015,47.00,49.00
2/13/2015,47.00,49.00
2/14/2015,48.00,48.00
2/15/2015,49.00,48.00
2/16/2015,50.00,47.00
2/17/2015,48.00,48.00
2/18/2015,47.00,49.00
2/19/2015,44.00,51.00
2/20/2015,45.00,50.00
2/21/2015,45.00,50.00
2/22/2015,46.00,48.00
2/23/2015,45.00,51.00
2/24/2015,45.00,51.00
2/25/2015,43.00,52.00
2/26/2015,43.00,51.00
2/27/2015,42.00,53.00
2/28/2015,44.00,51.00
3/1/2015,47.00,48.00
3/2/2015,49.00,47.00
3/3/2015,48.00,47.00
3/4/2015,46.00,49.00
3/5/2015,45.00,50.00
3/6/2015,45.00,50.00
3/7/2015,47.00,49.00
3/8/2015,47.00,49.00
3/9/2015,46.00,49.00
3/10/2015,45.00,50.00
3/11/2015,46.00,49.00
3/12/2015,47.00,48.00
3/13/2015,48.00,47.00
3/14/2015,48.00,47.00
3/15/2015,48.00,47.00
3/16/2015,47.00,48.00
3/17/2015,47.00,48.00
3/18/2015,46.00,48.00
3/19/2015,46.00,49.00
3/20/2015,44.00,51.00
3/21/2015,43.00,52.00
3/22/2015,44.00,51.00
3/23/2015,45.00,50.00
3/24/2015,45.00,50.00
3/25/2015,44.00,52.00
3/26/2015,45.00,51.00
3/27/2015,47.00,49.00
3/28/2015,48.00,47.00
3/29/2015,49.00,46.00
3/30/2015,47.00,48.00
3/31/2015,45.00,49.00
4/1/2015,46.00,49.00
4/2/2015,48.00,48.00
4/3/2015,50.00,46.00
4/4/2015,47.00,47.00
4/6/2015,49.00,46.00
4/7/2015,46.00,49.00
4/8/2015,48.00,48.00
4/9/2015,47.00,49.00
4/10/2015,49.00,47.00
4/11/2015,48.00,48.00
4/12/2015,47.00,49.00
4/13/2015,45.00,50.00
4/14/2015,46.00,49.00
4/15/2015,47.00,50.00
4/16/2015,47.00,50.00
4/17/2015,45.00,51.00
4/18/2015,44.00,51.00
4/19/2015,45.00,51.00
4/20/2015,46.00,50.00
4/21/2015,45.00,50.00
4/22/2015,44.00,50.00
4/23/2015,45.00,49.00
4/24/2015,47.00,48.00
4/25/2015,46.00,48.00
4/26/2015,46.00,48.00
4/27/2015,46.00,48.00
4/28/2015,49.00,47.00
4/29/2015,49.00,47.00
4/30/2015,49.00,47.00
5/1/2015,47.00,49.00
5/2/2015,48.00,48.00
5/3/2015,46.00,49.00
5/4/2015,46.00,49.00
5/5/2015,47.00,49.00
5/6/2015,48.00,47.00
5/7/2015,48.00,47.00
5/8/2015,46.00,49.00
5/9/2015,46.00,49.00
5/10/2015,47.00,47.00
5/11/2015,46.00,48.00
5/12/2015,46.00,48.00
5/13/2015,45.00,49.00
5/14/2015,46.00,50.00
5/15/2015,47.00,49.00
5/16/2015,48.00,48.00
5/17/2015,48.00,47.00
5/18/2015,48.00,47.00
5/19/2015,46.00,49.00
5/20/2015,43.00,51.00
5/21/2015,42.00,53.00
5/22/2015,45.00,50.00
5/23/2015,49.00,47.00
5/24/2015,49.00,47.00
5/25/2015,47.00,49.00
5/26/2015,44.00,51.00
5/27/2015,45.00,49.00
5/28/2015,45.00,49.00
5/29/2015,47.00,48.00
5/30/2015,47.00,49.00
5/31/2015,49.00,47.00
6/1/2015,47.00,48.00
6/3/2015,47.00,49.00
6/4/2015,46.00,50.00
6/5/2015,45.00,50.00
6/6/2015,46.00,50.00
6/7/2015,46.00,48.00
6/8/2015,46.00,49.00
6/9/2015,45.00,49.00
6/10/2015,43.00,51.00
6/11/2015,44.00,51.00
6/12/2015,45.00,49.00
6/13/2015,45.00,49.00
6/14/2015,47.00,48.00
6/15/2015,46.00,48.00
6/16/2015,47.00,47.00
6/17/2015,44.00,50.00
6/18/2015,44.00,50.00
6/19/2015,44.00,50.00
6/20/2015,44.00,50.00
6/21/2015,45.00,50.00
6/22/2015,45.00,49.00
6/23/2015,46.00,48.00
6/24/2015,46.00,49.00
6/25/2015,46.00,50.00
6/26/2015,47.00,49.00
6/27/2015,47.00,49.00
6/28/2015,48.00,47.00
6/29/2015,46.00,50.00
6/30/2015,46.00,50.00
7/1/2015,45.00,51.00
7/2/2015,44.00,51.00
7/3/2015,45.00,50.00
7/5/2015,46.00,48.00
7/6/2015,48.00,47.00
7/7/2015,47.00,48.00
7/8/2015,46.00,50.00
7/9/2015,44.00,51.00
7/10/2015,46.00,50.00
7/11/2015,45.00,49.00
7/12/2015,47.00,48.00
7/13/2015,46.00,49.00
7/14/2015,46.00,49.00
7/15/2015,45.00,49.00
7/16/2015,46.00,48.00
7/17/2015,47.00,47.00
7/18/2015,46.00,48.00
7/19/2015,47.00,48.00
7/20/2015,45.00,50.00
7/21/2015,46.00,49.00
7/22/2015,45.00,50.00
7/23/2015,46.00,49.00
7/24/2015,46.00,49.00
7/25/2015,46.00,49.00
7/26/2015,46.00,49.00
7/27/2015,44.00,50.00
7/28/2015,46.00,49.00
7/29/2015,45.00,49.00
7/30/2015,47.00,48.00
7/31/2015,46.00,49.00
8/1/2015,47.00,48.00
8/2/2015,47.00,49.00
8/3/2015,46.00,50.00
8/4/2015,46.00,50.00
8/5/2015,45.00,51.00
8/6/2015,45.00,51.00
8/7/2015,44.00,52.00
8/8/2015,45.00,50.00
8/9/2015,47.00,49.00
8/10/2015,48.00,48.00
8/11/2015,49.00,47.00
8/12/2015,46.00,49.00
8/13/2015,47.00,49.00
8/14/2015,45.00,49.00
8/15/2015,45.00,50.00
8/16/2015,46.00,49.00
8/17/2015,44.00,51.00
8/18/2015,46.00,49.00
8/19/2015,45.00,50.00
8/20/2015,45.00,50.00
8/21/2015,43.00,53.00
8/22/2015,42.00,53.00
8/23/2015,45.00,51.00
8/24/2015,44.00,51.00
8/25/2015,44.00,51.00
8/26/2015,44.00,51.00
8/27/2015,45.00,52.00
8/28/2015,46.00,51.00
8/29/2015,46.00,50.00
8/30/2015,47.00,48.00
8/31/2015,46.00,49.00
9/1/2015,45.00,50.00
9/2/2015,45.00,51.00
9/3/2015,45.00,51.00
9/4/2015,46.00,50.00
9/5/2015,46.00,50.00
9/6/2015,49.00,47.00
9/8/2015,49.00,47.00
9/9/2015,49.00,46.00
9/10/2015,47.00,48.00
9/11/2015,45.00,50.00
9/12/2015,45.00,50.00
9/13/2015,46.00,50.00
9/14/2015,48.00,47.00
9/15/2015,48.00,48.00
9/16/2015,46.00,50.00
9/17/2015,45.00,52.00
9/18/2015,45.00,52.00
9/19/2015,45.00,51.00
9/20/2015,45.00,52.00
9/21/2015,46.00,51.00
9/22/2015,47.00,50.00
9/23/2015,48.00,49.00
9/24/2015,48.00,48.00
9/25/2015,48.00,49.00
9/26/2015,47.00,50.00
9/27/2015,47.00,50.00
9/28/2015,46.00,51.00
9/29/2015,47.00,48.00
9/30/2015,47.00,48.00
10/1/2015,47.00,48.00
10/2/2015,46.00,49.00
10/3/2015,45.00,51.00
10/4/2015,48.00,48.00
10/5/2015,47.00,48.00
10/6/2015,46.00,49.00
10/8/2015,45.00,50.00
10/9/2015,44.00,51.00
10/10/2015,47.00,49.00
10/11/2015,46.00,49.00
10/12/2015,47.00,49.00
10/13/2015,45.00,51.00
10/14/2015,45.00,50.00
10/15/2015,45.00,50.00
10/16/2015,46.00,49.00
10/17/2015,46.00,50.00
10/18/2015,47.00,50.00
10/19/2015,45.00,51.00
10/20/2015,45.00,50.00
10/21/2015,45.00,50.00
10/22/2015,46.00,50.00
10/23/2015,46.00,49.00
10/24/2015,46.00,50.00
10/25/2015,47.00,49.00
10/26/2015,49.00,48.00
10/27/2015,50.00,47.00
10/28/2015,47.00,48.00
10/29/2015,47.00,49.00
10/30/2015,44.00,51.00
10/31/2015,46.00,50.00
11/1/2015,47.00,48.00
11/2/2015,48.00,48.00
11/3/2015,49.00,47.00
11/4/2015,49.00,48.00
11/5/2015,49.00,47.00
11/6/2015,49.00,48.00
11/7/2015,48.00,49.00
11/8/2015,48.00,49.00
11/9/2015,48.00,49.00
11/10/2015,49.00,48.00
11/11/2015,47.00,49.00
11/12/2015,47.00,49.00
11/13/2015,48.00,48.00
11/14/2015,50.00,45.00
11/15/2015,51.00,44.00
11/16/2015,49.00,47.00
11/17/2015,45.00,50.00
11/19/2015,45.00,51.00
11/20/2015,44.00,53.00
11/21/2015,45.00,52.00
11/22/2015,43.00,52.00
11/23/2015,44.00,52.00
11/24/2015,44.00,51.00
11/25/2015,44.00,51.00
11/27/2015,46.00,49.00
11/28/2015,46.00,48.00
11/29/2015,47.00,47.00
11/30/2015,46.00,50.00
12/1/2015,46.00,50.00
12/2/2015,47.00,50.00
12/3/2015,47.00,48.00
12/4/2015,48.00,47.00
12/5/2015,47.00,48.00
12/6/2015,49.00,48.00
12/7/2015,47.00,49.00
12/8/2015,47.00,49.00
12/9/2015,45.00,50.00
12/10/2015,44.00,51.00
12/11/2015,44.00,51.00
12/12/2015,45.00,50.00
12/13/2015,46.00,50.00
12/14/2015,46.00,50.00
12/15/2015,46.00,50.00
12/16/2015,45.00,51.00
12/17/2015,43.00,53.00
12/18/2015,42.00,53.00
12/19/2015,44.00,51.00
12/20/2015,45.00,50.00
12/21/2015,46.00,50.00
12/22/2015,46.00,50.00
12/23/2015,46.00,50.00
12/27/2015,48.00,48.00
12/28/2015,47.00,49.00
12/29/2015,46.00,50.00
12/30/2015,44.00,52.00
1/2/2016,45.00,51.00
1/3/2016,45.00,51.00
1/4/2016,46.00,50.00
1/5/2016,46.00,50.00
1/6/2016,47.00,48.00
1/7/2016,45.00,50.00
1/8/2016,46.00,49.00
1/9/2016,47.00,49.00
1/10/2016,47.00,49.00
1/11/2016,45.00,50.00
1/12/2016,44.00,50.00
1/13/2016,47.00,48.00
1/14/2016,48.00,47.00
1/15/2016,49.00,46.00
1/16/2016,49.00,47.00
1/17/2016,51.00,45.00
1/18/2016,49.00,46.00
1/19/2016,48.00,48.00
1/20/2016,47.00,48.00
1/21/2016,49.00,48.00
1/22/2016,49.00,47.00
1/23/2016,49.00,47.00
1/24/2016,48.00,46.00
1/25/2016,49.00,47.00
1/26/2016,48.00,48.00
1/27/2016,48.00,48.00
1/28/2016,48.00,48.00
1/29/2016,48.00,48.00
1/30/2016,49.00,48.00
1/31/2016,49.00,47.00
2/1/2016,50.00,46.00
2/3/2016,48.00,48.00
2/4/2016,47.00,49.00
2/5/2016,46.00,50.00
2/6/2016,46.00,50.00
2/7/2016,47.00,50.00
2/8/2016,46.00,51.00
2/9/2016,47.00,50.00
2/10/2016,48.00,48.00
2/11/2016,49.00,47.00
2/12/2016,49.00,47.00
2/13/2016,49.00,48.00
2/14/2016,47.00,49.00
2/15/2016,47.00,50.00
2/16/2016,47.00,50.00
2/17/2016,49.00,48.00
2/18/2016,50.00,46.00
2/19/2016,50.00,46.00
2/20/2016,48.00,48.00
2/21/2016,47.00,49.00
2/22/2016,47.00,49.00
2/23/2016,48.00,48.00
2/24/2016,48.00,48.00
2/25/2016,47.00,48.00
2/26/2016,47.00,48.00
2/27/2016,48.00,47.00
2/28/2016,49.00,46.00
2/29/2016,49.00,46.00
3/1/2016,49.00,46.00
3/2/2016,49.00,46.00
3/3/2016,51.00,44.00
3/4/2016,51.00,45.00
3/5/2016,51.00,46.00
3/6/2016,49.00,48.00
3/7/2016,50.00,47.00
3/8/2016,51.00,45.00
3/9/2016,52.00,44.00
3/10/2016,52.00,45.00
3/11/2016,51.00,44.00
3/12/2016,49.00,47.00
3/13/2016,51.00,46.00
3/14/2016,51.00,46.00
3/15/2016,52.00,45.00
3/16/2016,50.00,47.00
3/17/2016,49.00,47.00
3/18/2016,49.00,46.00
3/19/2016,52.00,44.00
3/20/2016,50.00,45.00
3/21/2016,51.00,45.00
3/22/2016,51.00,46.00
3/23/2016,52.00,45.00
3/24/2016,52.00,45.00
3/25/2016,53.00,44.00
3/26/2016,53.00,44.00
3/28/2016,53.00,44.00
3/29/2016,51.00,46.00
3/30/2016,49.00,47.00
3/31/2016,49.00,47.00
4/1/2016,50.00,46.00
4/2/2016,52.00,45.00
4/3/2016,52.00,43.00
4/4/2016,53.00,43.00
4/5/2016,51.00,44.00
4/6/2016,52.00,44.00
4/7/2016,52.00,44.00
4/8/2016,52.00,44.00
4/9/2016,51.00,45.00
4/10/2016,49.00,46.00
4/11/2016,48.00,48.00
4/12/2016,47.00,48.00
4/13/2016,48.00,48.00
4/14/2016,48.00,47.00
4/15/2016,49.00,47.00
4/16/2016,50.00,46.00
4/17/2016,49.00,47.00
4/18/2016,49.00,48.00
4/19/2016,51.00,46.00
4/20/2016,52.00,44.00
4/21/2016,51.00,44.00
4/22/2016,50.00,46.00
4/23/2016,50.00,46.00
4/24/2016,52.00,45.00
4/25/2016,50.00,46.00
4/26/2016,50.00,45.00
4/27/2016,49.00,46.00
4/28/2016,50.00,46.00
4/29/2016,50.00,46.00
4/30/2016,52.00,45.00
5/1/2016,52.00,45.00
5/2/2016,52.00,45.00
5/3/2016,51.00,45.00
5/4/2016,50.00,46.00
5/5/2016,51.00,45.00
5/6/2016,52.00,45.00
5/7/2016,53.00,43.00
5/8/2016,53.00,43.00
5/9/2016,53.00,43.00
5/10/2016,52.00,44.00
5/11/2016,52.00,44.00
5/12/2016,50.00,47.00
5/13/2016,50.00,46.00
5/14/2016,50.00,46.00
5/15/2016,51.00,44.00
5/16/2016,50.00,44.00
5/17/2016,50.00,45.00
5/18/2016,49.00,46.00
5/19/2016,51.00,45.00
5/20/2016,52.00,44.00
5/21/2016,52.00,43.00
5/22/2016,50.00,45.00
5/23/2016,52.00,44.00
5/24/2016,53.00,43.00
5/25/2016,52.00,44.00
5/26/2016,50.00,45.00
5/27/2016,50.00,46.00
5/28/2016,52.00,44.00
5/29/2016,53.00,44.00
5/30/2016,52.00,44.00
5/31/2016,51.00,45.00
6/1/2016,52.00,44.00
6/2/2016,51.00,45.00
6/3/2016,53.00,43.00
6/4/2016,51.00,44.00
6/5/2016,50.00,44.00
6/6/2016,51.00,44.00
6/7/2016,50.00,46.00
6/8/2016,53.00,43.00
6/9/2016,52.00,43.00
6/10/2016,54.00,42.00
6/11/2016,52.00,44.00
6/12/2016,52.00,44.00
6/13/2016,53.00,44.00
6/14/2016,53.00,44.00
6/15/2016,53.00,44.00
6/16/2016,53.00,45.00
6/17/2016,53.00,43.00
6/18/2016,53.00,44.00
6/19/2016,52.00,44.00
6/20/2016,50.00,45.00
6/21/2016,49.00,45.00
6/22/2016,49.00,46.00
6/23/2016,50.00,45.00
6/24/2016,50.00,46.00
6/25/2016,50.00,45.00
6/26/2016,50.00,45.00
6/27/2016,51.00,44.00
6/28/2016,51.00,44.00
6/29/2016,52.00,44.00
6/30/2016,51.00,45.00
7/1/2016,51.00,45.00
7/2/2016,51.00,45.00
7/3/2016,51.00,44.00
7/5/2016,50.00,45.00
7/6/2016,50.00,45.00
7/7/2016,51.00,45.00
7/8/2016,51.00,45.00
7/9/2016,51.00,45.00
7/10/2016,51.00,46.00
7/11/2016,49.00,47.00
7/12/2016,48.00,48.00
7/14/2016,47.00,48.00
7/15/2016,49.00,47.00
7/16/2016,49.00,46.00
7/17/2016,51.00,44.00
7/18/2016,49.00,46.00
7/19/2016,49.00,47.00
7/20/2016,49.00,47.00
7/22/2016,49.00,47.00
7/23/2016,49.00,47.00
7/24/2016,49.00,48.00
7/25/2016,50.00,46.00
7/26/2016,51.00,45.00
7/27/2016,51.00,46.00
7/28/2016,52.00,44.00
7/29/2016,53.00,43.00
7/30/2016,54.00,42.00
7/31/2016,54.00,43.00
8/1/2016,53.00,44.00
8/2/2016,52.00,44.00
8/3/2016,51.00,44.00
8/4/2016,50.00,45.00
8/5/2016,49.00,46.00
8/6/2016,52.00,45.00
8/7/2016,53.00,44.00
8/8/2016,52.00,45.00
8/9/2016,50.00,45.00
8/10/2016,49.00,46.00
8/11/2016,53.00,42.00
8/12/2016,53.00,43.00
8/13/2016,54.00,43.00
8/14/2016,53.00,44.00
8/15/2016,51.00,45.00
8/16/2016,52.00,45.00
8/18/2016,51.00,45.00
8/19/2016,52.00,45.00
8/20/2016,51.00,46.00
8/21/2016,52.00,44.00
8/22/2016,50.00,45.00
8/23/2016,51.00,44.00
8/24/2016,48.00,46.00
8/25/2016,51.00,44.00
8/26/2016,51.00,43.00
8/27/2016,52.00,44.00
8/28/2016,51.00,44.00
8/29/2016,51.00,44.00
8/30/2016,52.00,43.00
8/31/2016,52.00,44.00
9/1/2016,52.00,44.00
9/2/2016,51.00,45.00
9/3/2016,52.00,44.00
9/4/2016,52.00,44.00
9/5/2016,52.00,44.00
9/6/2016,51.00,45.00
9/8/2016,50.00,46.00
9/9/2016,50.00,46.00
9/10/2016,50.00,45.00
9/11/2016,51.00,45.00
9/12/2016,50.00,46.00
9/13/2016,53.00,44.00
9/14/2016,52.00,45.00
9/15/2016,54.00,43.00
9/16/2016,53.00,45.00
9/17/2016,52.00,44.00
9/18/2016,51.00,45.00
9/19/2016,51.00,45.00
9/20/2016,44.00,53.00
9/21/2016,45.00,52.00
9/22/2016,44.00,52.00
9/23/2016,42.00,53.00
9/24/2016,41.00,54.00
9/25/2016,41.00,54.00
9/26/2016,44.00,51.00
9/27/2016,45.00,50.00
9/28/2016,45.00,51.00
9/29/2016,44.00,52.00
9/30/2016,44.00,53.00
10/1/2016,45.00,52.00
10/2/2016,43.00,54.00
10/3/2016,43.00,54.00
10/4/2016,43.00,54.00
10/6/2016,45.00,51.00
10/7/2016,46.00,51.00
10/8/2016,46.00,52.00
10/9/2016,44.00,53.00
10/10/2016,42.00,55.00
10/11/2016,42.00,54.00
10/12/2016,42.00,53.00
10/13/2016,43.00,53.00
10/14/2016,42.00,54.00
10/15/2016,41.00,55.00
10/16/2016,43.00,54.00
10/17/2016,43.00,54.00
10/18/2016,44.00,53.00
10/19/2016,42.00,55.00
10/20/2016,42.00,55.00
10/21/2016,40.00,57.00
10/22/2016,41.00,56.00
10/23/2016,43.00,54.00
10/24/2016,46.00,52.00
10/25/2016,44.00,52.00
10/26/2016,44.00,53.00
10/27/2016,43.00,54.00
10/28/2016,44.00,53.00
10/29/2016,43.00,55.00
10/30/2016,44.00,54.00
10/31/2016,45.00,53.00
11/2/2016,47.00,51.00
11/3/2016,48.00,49.00
11/4/2016,46.00,51.00
11/5/2016,44.00,53.00
11/6/2016,41.00,56.00
11/7/2016,42.00,56.00
11/8/2016,42.00,56.00
11/9/2016,42.00,56.00
11/10/2016,40.00,58.00
11/11/2016,40.00,57.00
11/12/2016,41.00,57.00
11/13/2016,40.00,57.00
11/14/2016,40.00,57.00
11/15/2016,40.00,56.00
11/16/2016,41.00,56.00
11/17/2016,42.00,56.00
11/18/2016,40.00,58.00
11/19/2016,41.00,56.00
11/20/2016,40.00,57.00
11/21/2016,42.00,56.00
11/22/2016,42.00,55.00
11/23/2016,42.00,55.00
11/25/2016,40.00,56.00
11/26/2016,40.00,56.00
11/27/2016,39.00,57.00
11/28/2016,39.00,57.00
11/29/2016,40.00,57.00
12/1/2016,43.00,54.00
12/2/2016,45.00,53.00
12/3/2016,44.00,53.00
12/4/2016,42.00,54.00
12/5/2016,42.00,54.00
12/6/2016,41.00,55.00
12/8/2016,41.00,56.00
12/9/2016,39.00,59.00
12/10/2016,40.00,58.00
12/11/2016,39.00,59.00
12/12/2016,41.00,56.00
12/13/2016,40.00,57.00
12/14/2016,41.00,56.00
12/15/2016,41.00,56.00
12/16/2016,40.00,56.00
12/17/2016,40.00,56.00
12/18/2016,38.00,57.00
12/19/2016,39.00,57.00
12/20/2016,39.00,57.00
12/21/2016,40.00,56.00
12/22/2016,40.00,56.00
12/23/2016,41.00,56.00
12/26/2016,40.00,56.00
12/27/2016,40.00,56.00
12/28/2016,40.00,55.00
12/29/2016,41.00,56.00
12/30/2016,40.00,55.00
1/2/2017,42.00,54.00
1/3/2017,43.00,53.00
1/4/2017,43.00,54.00
1/5/2017,42.00,56.00
1/6/2017,41.00,56.00
1/7/2017,40.00,56.00
1/8/2017,41.00,56.00
1/9/2017,40.00,56.00
1/10/2017,42.00,55.00
1/11/2017,40.00,57.00
1/12/2017,40.00,57.00
1/13/2017,37.00,58.00
1/14/2017,39.00,57.00
1/15/2017,38.00,57.00
1/17/2017,39.00,57.00
1/18/2017,38.00,58.00
1/19/2017,37.00,59.00
